timestamp,prompt,response,response_time_seconds
2026-09-09T15:59:38.658598,How can I get help with my studies?,"You can usually get study help through a mix of academic support services, your teaching staff, and peer resources. Here are the main options to look for at your university:

### 1) Course staff (best first step)
- **Lecturers/tutors’ consultation hours (office hours):** Bring specific questions, draft work, or problems you got wrong.
- **Email or course forum/LMS:** Useful for clarifying expectations, assessment criteria, and content questions.

### 2) Academic skills / learning support
Most universities have a **Learning/Academic Skills Centre** that can help with:
- Essay and report structure, paragraphs, academic style
- Referencing and avoiding plagiarism
- Study plans, time management, exam prep
- Critical reading and note‑taking  
Often offered via **1:1 appointments, workshops, and online modules**.

### 3) Peer support
- **Peer Assisted Study Sessions (PASS)/Supplemental Instruction:** Weekly group sessions for tricky subjects.
- **Study groups and peer mentors:** Great for accountability and practicing problem sets.

### 4) Library support
Libraries often provide:
- Research consultations (finding sources, database searching)
- Referencing help and citation tools
- Workshops on literature reviews and research skills

### 5) Subject-specific help
Depending on your program, there may be:
- **Maths/stats help centres**
- Writing labs
- Coding/programming drop-ins
- Language learning support

### 6) Accessibility and wellbeing support (if something’s getting in the way)
If health, disability, neurodiversity, caring responsibilities, housing/financial stress, or mental health are affecting study, ask about:
- **Accessibility/Disability services** (adjustments, exam arrangements)
- **Counselling and wellbeing**
- **Financial aid/student advice**

### 7) If you’re struggling with an assessment right now
- Check the **rubric and marking criteria**
- Ask for clarification on the **task and standards**
- Book an **academic skills appointment** with your draft/plan
- If needed, ask about **extension/special consideration** options early

If you tell me **your university (or country)**, your **year/subject**, and what you’re finding hard (e.g., writing essays, maths, procrastination, exam anxiety, understanding lectures), I can point you to the most relevant services and suggest a quick plan for this week.",11.79
2026-09-17T19:47:26.843887,What support services are available for university students?,"Most universities offer a similar set of support services to help you succeed academically, stay well, and navigate admin. Here are the common options to look for (usually listed under “Student Support” or “Current Students” on your university website):

### Academic and study support
- **Learning/study skills centre:** help with time management, note‑taking, exam prep, academic writing, presentations.
- **Tutoring and peer-assisted study (PASS/SI):** group study sessions for specific units.
- **Maths/statistics/drop-in help:** especially for quantitative subjects.
- **Library support:** research help, referencing tools, workshops, subject librarians.

### Wellbeing and health
- **Counselling/psychological services:** short-term counselling, mental health support, crisis appointments, referrals.
- **Medical/health clinic (if on campus):** GP/nurse appointments, sexual health, vaccinations.
- **Wellbeing workshops:** stress management, sleep, mindfulness, resilience.

### Accessibility and disability support
- **Disability/access services:** learning plans, exam adjustments, note-takers, assistive technology, accessible materials, mobility support.
- **Neurodiversity support:** coaching and accommodations where available.

### Financial and practical support
- **Financial aid/scholarships office:** grants, bursaries, emergency funds, scholarships guidance.
- **Student advocacy/welfare:** help with fees, special consideration, appeals, academic progress issues.
- **Housing/accommodation support:** on-campus housing, tenancy advice, emergency accommodation referrals.
- **Food support:** food pantry/vouchers (available at many campuses).

### Safety and legal support
- **Campus security and safety escorts:** after-hours support, incident reporting.
- **Safer community/sexual misconduct support:** confidential reporting, support officers, protective measures.
- **Free/low-cost legal advice:** tenancy, employment, fines, basic legal info (often via student union).

### Career and employability
- **Careers service:** CV/cover letter reviews, interview practice, internships, job boards, career planning.
- **Work-integrated learning support:** placements, industry projects, professional accreditation guidance.

### Student life and belonging
- **Student union/guild:** advocacy, clubs and societies, events, volunteering, leadership programs.
- **International student support:** visas/compliance guidance (where permitted), adjusting to study, language support.
- **Indigenous/student equity centres:** cultural support, mentoring, scholarships, community.
- **Chaplaincy/multifaith services:** pastoral care, quiet spaces.

### Admin help
- **Student centre/enrolment help:** course advice, enrolment changes, timetables, ID cards, transcripts.
- **IT help desk:** Wi‑Fi, learning platforms (LMS), software access, device loans.

If you tell me your **university name/country** (or share a link to your student support page), I can point you to the exact services and how to access them (including phone numbers and after-hours options).",16.39
