id,prompt
N01,What academic support is available for students?
N02,How can I get help with my studies?
N03,Where can students get career advice?
N04,What support is available for international students?
N05,How can students access counselling services?
N06,What disability support may be available for students?
N07,How can I get help with enrolment?
N08,What financial support may be available for students?
N09,Where can students get help with their resume?
N10,What services can help students with study difficulties?
